id;title;content;date
1;Singapore Mexico;Tasty action-items;2021-09-13T06:02:37
2;leading-edge;copy 24/7 Generic;2021-09-13T01:18:26
3;magenta mission-critical New;revolutionize Markets;2021-09-13T03:52:30
4;Fully-configurable Designer;system;2021-09-12T14:49:27
5;backing;payment Identity;2021-09-12T23:40:31
6;collaborative Costa Shoes;plum withdrawal Sleek;2021-09-12T20:08:18
7;Steel Chicken;navigate generate;2021-09-13T07:34:26
8;Practical Technician;XSS connecting;2021-09-12T18:34:25
9;Home synthesize;Fundamental redefine PCI;2021-09-12T17:01:02
10;initiatives Consultant;optical Mobility;2021-09-13T01:38:31
